[
  {"slug":"new-delhi","name":"New Delhi","state":"Delhi","lat":28.6139,"lng":77.209,"tz":"Asia/Kolkata"},
  {"slug":"mumbai","name":"Mumbai","state":"Maharashtra","lat":19.076,"lng":72.8777,"tz":"Asia/Kolkata"},
  {"slug":"bangalore","name":"Bangalore","state":"Karnataka","lat":12.9716,"lng":77.5946,"tz":"Asia/Kolkata"},
  {"slug":"hyderabad","name":"Hyderabad","state":"Telangana","lat":17.385,"lng":78.4867,"tz":"Asia/Kolkata"},
  {"slug":"chennai","name":"Chennai","state":"Tamil Nadu","lat":13.0827,"lng":80.2707,"tz":"Asia/Kolkata"},
  {"slug":"kolkata","name":"Kolkata","state":"West Bengal","lat":22.5726,"lng":88.3639,"tz":"Asia/Kolkata"},
  {"slug":"pune","name":"Pune","state":"Maharashtra","lat":18.5204,"lng":73.8567,"tz":"Asia/Kolkata"},
  {"slug":"ahmedabad","name":"Ahmedabad","state":"Gujarat","lat":23.0225,"lng":72.5714,"tz":"Asia/Kolkata"},
  {"slug":"jaipur","name":"Jaipur","state":"Rajasthan","lat":26.9124,"lng":75.7873,"tz":"Asia/Kolkata"},
  {"slug":"lucknow","name":"Lucknow","state":"Uttar Pradesh","lat":26.8467,"lng":80.9462,"tz":"Asia/Kolkata"},
  {"slug":"surat","name":"Surat","state":"Gujarat","lat":21.1702,"lng":72.8311,"tz":"Asia/Kolkata"},
  {"slug":"kanpur","name":"Kanpur","state":"Uttar Pradesh","lat":26.4499,"lng":80.3319,"tz":"Asia/Kolkata"},
  {"slug":"nagpur","name":"Nagpur","state":"Maharashtra","lat":21.1458,"lng":79.0882,"tz":"Asia/Kolkata"},
  {"slug":"indore","name":"Indore","state":"Madhya Pradesh","lat":22.7196,"lng":75.8577,"tz":"Asia/Kolkata"},
  {"slug":"thane","name":"Thane","state":"Maharashtra","lat":19.2183,"lng":72.9781,"tz":"Asia/Kolkata"},
  {"slug":"bhopal","name":"Bhopal","state":"Madhya Pradesh","lat":23.2599,"lng":77.4126,"tz":"Asia/Kolkata"},
  {"slug":"visakhapatnam","name":"Visakhapatnam","state":"Andhra Pradesh","lat":17.6868,"lng":83.2185,"tz":"Asia/Kolkata"},
  {"slug":"patna","name":"Patna","state":"Bihar","lat":25.6093,"lng":85.1376,"tz":"Asia/Kolkata"},
  {"slug":"vadodara","name":"Vadodara","state":"Gujarat","lat":22.3072,"lng":73.1812,"tz":"Asia/Kolkata"},
  {"slug":"ghaziabad","name":"Ghaziabad","state":"Uttar Pradesh","lat":28.6692,"lng":77.4538,"tz":"Asia/Kolkata"},
  {"slug":"ludhiana","name":"Ludhiana","state":"Punjab","lat":30.901,"lng":75.8573,"tz":"Asia/Kolkata"},
  {"slug":"agra","name":"Agra","state":"Uttar Pradesh","lat":27.1767,"lng":78.0081,"tz":"Asia/Kolkata"},
  {"slug":"nashik","name":"Nashik","state":"Maharashtra","lat":19.9975,"lng":73.7898,"tz":"Asia/Kolkata"},
  {"slug":"faridabad","name":"Faridabad","state":"Haryana","lat":28.4089,"lng":77.3178,"tz":"Asia/Kolkata"},
  {"slug":"meerut","name":"Meerut","state":"Uttar Pradesh","lat":28.9845,"lng":77.7064,"tz":"Asia/Kolkata"},
  {"slug":"rajkot","name":"Rajkot","state":"Gujarat","lat":22.3039,"lng":70.8022,"tz":"Asia/Kolkata"},
  {"slug":"varanasi","name":"Varanasi","state":"Uttar Pradesh","lat":25.3176,"lng":82.9739,"tz":"Asia/Kolkata"},
  {"slug":"srinagar","name":"Srinagar","state":"Jammu & Kashmir","lat":34.0837,"lng":74.7973,"tz":"Asia/Kolkata"},
  {"slug":"aurangabad","name":"Aurangabad","state":"Maharashtra","lat":19.8762,"lng":75.3433,"tz":"Asia/Kolkata"},
  {"slug":"dhanbad","name":"Dhanbad","state":"Jharkhand","lat":23.7957,"lng":86.4304,"tz":"Asia/Kolkata"},
  {"slug":"amritsar","name":"Amritsar","state":"Punjab","lat":31.634,"lng":74.8723,"tz":"Asia/Kolkata"},
  {"slug":"navi-mumbai","name":"Navi Mumbai","state":"Maharashtra","lat":19.033,"lng":73.0297,"tz":"Asia/Kolkata"},
  {"slug":"allahabad","name":"Allahabad","state":"Uttar Pradesh","lat":25.4358,"lng":81.8463,"tz":"Asia/Kolkata"},
  {"slug":"ranchi","name":"Ranchi","state":"Jharkhand","lat":23.3441,"lng":85.3096,"tz":"Asia/Kolkata"},
  {"slug":"howrah","name":"Howrah","state":"West Bengal","lat":22.5958,"lng":88.2636,"tz":"Asia/Kolkata"},
  {"slug":"coimbatore","name":"Coimbatore","state":"Tamil Nadu","lat":11.0168,"lng":76.9558,"tz":"Asia/Kolkata"},
  {"slug":"jabalpur","name":"Jabalpur","state":"Madhya Pradesh","lat":23.1815,"lng":79.9864,"tz":"Asia/Kolkata"},
  {"slug":"gwalior","name":"Gwalior","state":"Madhya Pradesh","lat":26.2183,"lng":78.1828,"tz":"Asia/Kolkata"},
  {"slug":"vijayawada","name":"Vijayawada","state":"Andhra Pradesh","lat":16.5062,"lng":80.648,"tz":"Asia/Kolkata"},
  {"slug":"jodhpur","name":"Jodhpur","state":"Rajasthan","lat":26.2389,"lng":73.0243,"tz":"Asia/Kolkata"},
  {"slug":"madurai","name":"Madurai","state":"Tamil Nadu","lat":9.9252,"lng":78.1198,"tz":"Asia/Kolkata"},
  {"slug":"raipur","name":"Raipur","state":"Chhattisgarh","lat":21.2514,"lng":81.6296,"tz":"Asia/Kolkata"},
  {"slug":"kota","name":"Kota","state":"Rajasthan","lat":25.2138,"lng":75.8648,"tz":"Asia/Kolkata"},
  {"slug":"chandigarh","name":"Chandigarh","state":"Chandigarh","lat":30.7333,"lng":76.7794,"tz":"Asia/Kolkata"},
  {"slug":"guwahati","name":"Guwahati","state":"Assam","lat":26.1445,"lng":91.7362,"tz":"Asia/Kolkata"},
  {"slug":"solapur","name":"Solapur","state":"Maharashtra","lat":17.6599,"lng":75.9064,"tz":"Asia/Kolkata"},
  {"slug":"hubli","name":"Hubli","state":"Karnataka","lat":15.3647,"lng":75.124,"tz":"Asia/Kolkata"},
  {"slug":"mysore","name":"Mysore","state":"Karnataka","lat":12.2958,"lng":76.6394,"tz":"Asia/Kolkata"},
  {"slug":"tiruchirappalli","name":"Tiruchirappalli","state":"Tamil Nadu","lat":10.7905,"lng":78.7047,"tz":"Asia/Kolkata"},
  {"slug":"bareilly","name":"Bareilly","state":"Uttar Pradesh","lat":28.367,"lng":79.4304,"tz":"Asia/Kolkata"},
  {"slug":"aligarh","name":"Aligarh","state":"Uttar Pradesh","lat":27.8974,"lng":78.088,"tz":"Asia/Kolkata"},
  {"slug":"tiruppur","name":"Tiruppur","state":"Tamil Nadu","lat":11.1085,"lng":77.3411,"tz":"Asia/Kolkata"},
  {"slug":"moradabad","name":"Moradabad","state":"Uttar Pradesh","lat":28.8386,"lng":78.7733,"tz":"Asia/Kolkata"},
  {"slug":"jalandhar","name":"Jalandhar","state":"Punjab","lat":31.326,"lng":75.5762,"tz":"Asia/Kolkata"},
  {"slug":"bhubaneswar","name":"Bhubaneswar","state":"Odisha","lat":20.2961,"lng":85.8245,"tz":"Asia/Kolkata"},
  {"slug":"salem","name":"Salem","state":"Tamil Nadu","lat":11.6643,"lng":78.146,"tz":"Asia/Kolkata"},
  {"slug":"warangal","name":"Warangal","state":"Telangana","lat":17.9784,"lng":79.5941,"tz":"Asia/Kolkata"},
  {"slug":"guntur","name":"Guntur","state":"Andhra Pradesh","lat":16.3067,"lng":80.4365,"tz":"Asia/Kolkata"},
  {"slug":"bhiwandi","name":"Bhiwandi","state":"Maharashtra","lat":19.2813,"lng":73.0483,"tz":"Asia/Kolkata"},
  {"slug":"saharanpur","name":"Saharanpur","state":"Uttar Pradesh","lat":29.964,"lng":77.546,"tz":"Asia/Kolkata"},
  {"slug":"gorakhpur","name":"Gorakhpur","state":"Uttar Pradesh","lat":26.7606,"lng":83.3732,"tz":"Asia/Kolkata"},
  {"slug":"bikaner","name":"Bikaner","state":"Rajasthan","lat":28.0229,"lng":73.3119,"tz":"Asia/Kolkata"},
  {"slug":"amravati","name":"Amravati","state":"Maharashtra","lat":20.9374,"lng":77.7796,"tz":"Asia/Kolkata"},
  {"slug":"noida","name":"Noida","state":"Uttar Pradesh","lat":28.5355,"lng":77.391,"tz":"Asia/Kolkata"},
  {"slug":"jamshedpur","name":"Jamshedpur","state":"Jharkhand","lat":22.8046,"lng":86.2029,"tz":"Asia/Kolkata"},
  {"slug":"bhilai","name":"Bhilai","state":"Chhattisgarh","lat":21.2094,"lng":81.3784,"tz":"Asia/Kolkata"},
  {"slug":"cuttack","name":"Cuttack","state":"Odisha","lat":20.4625,"lng":85.883,"tz":"Asia/Kolkata"},
  {"slug":"firozabad","name":"Firozabad","state":"Uttar Pradesh","lat":27.1504,"lng":78.3957,"tz":"Asia/Kolkata"},
  {"slug":"kochi","name":"Kochi","state":"Kerala","lat":9.9312,"lng":76.2673,"tz":"Asia/Kolkata"},
  {"slug":"nellore","name":"Nellore","state":"Andhra Pradesh","lat":14.4426,"lng":79.9865,"tz":"Asia/Kolkata"},
  {"slug":"bhavnagar","name":"Bhavnagar","state":"Gujarat","lat":21.7645,"lng":72.1519,"tz":"Asia/Kolkata"},
  {"slug":"dehradun","name":"Dehradun","state":"Uttarakhand","lat":30.3165,"lng":78.0322,"tz":"Asia/Kolkata"},
  {"slug":"durgapur","name":"Durgapur","state":"West Bengal","lat":23.5204,"lng":87.3119,"tz":"Asia/Kolkata"},
  {"slug":"asansol","name":"Asansol","state":"West Bengal","lat":23.6888,"lng":86.9661,"tz":"Asia/Kolkata"},
  {"slug":"rourkela","name":"Rourkela","state":"Odisha","lat":22.2604,"lng":84.8536,"tz":"Asia/Kolkata"},
  {"slug":"nanded","name":"Nanded","state":"Maharashtra","lat":19.1383,"lng":77.321,"tz":"Asia/Kolkata"},
  {"slug":"kolhapur","name":"Kolhapur","state":"Maharashtra","lat":16.705,"lng":74.2433,"tz":"Asia/Kolkata"},
  {"slug":"ajmer","name":"Ajmer","state":"Rajasthan","lat":26.4499,"lng":74.6399,"tz":"Asia/Kolkata"},
  {"slug":"akola","name":"Akola","state":"Maharashtra","lat":20.7002,"lng":76.9996,"tz":"Asia/Kolkata"},
  {"slug":"gulbarga","name":"Gulbarga","state":"Karnataka","lat":17.3297,"lng":76.8343,"tz":"Asia/Kolkata"},
  {"slug":"jamnagar","name":"Jamnagar","state":"Gujarat","lat":22.4707,"lng":70.0577,"tz":"Asia/Kolkata"},
  {"slug":"ujjain","name":"Ujjain","state":"Madhya Pradesh","lat":23.1793,"lng":75.7849,"tz":"Asia/Kolkata"},
  {"slug":"loni","name":"Loni","state":"Uttar Pradesh","lat":28.7504,"lng":77.2935,"tz":"Asia/Kolkata"},
  {"slug":"siliguri","name":"Siliguri","state":"West Bengal","lat":26.7271,"lng":88.3953,"tz":"Asia/Kolkata"},
  {"slug":"jhansi","name":"Jhansi","state":"Uttar Pradesh","lat":25.4484,"lng":78.5685,"tz":"Asia/Kolkata"},
  {"slug":"ulhasnagar","name":"Ulhasnagar","state":"Maharashtra","lat":19.2183,"lng":73.1631,"tz":"Asia/Kolkata"},
  {"slug":"jammu","name":"Jammu","state":"Jammu & Kashmir","lat":32.7266,"lng":74.857,"tz":"Asia/Kolkata"},
  {"slug":"sangli","name":"Sangli","state":"Maharashtra","lat":16.8524,"lng":74.5815,"tz":"Asia/Kolkata"},
  {"slug":"mangalore","name":"Mangalore","state":"Karnataka","lat":12.9141,"lng":74.856,"tz":"Asia/Kolkata"},
  {"slug":"erode","name":"Erode","state":"Tamil Nadu","lat":11.341,"lng":77.7172,"tz":"Asia/Kolkata"},
  {"slug":"belgaum","name":"Belgaum","state":"Karnataka","lat":15.8497,"lng":74.4977,"tz":"Asia/Kolkata"},
  {"slug":"tirunelveli","name":"Tirunelveli","state":"Tamil Nadu","lat":8.7139,"lng":77.7567,"tz":"Asia/Kolkata"},
  {"slug":"malegaon","name":"Malegaon","state":"Maharashtra","lat":20.5579,"lng":74.5089,"tz":"Asia/Kolkata"},
  {"slug":"gaya","name":"Gaya","state":"Bihar","lat":24.7955,"lng":84.9994,"tz":"Asia/Kolkata"},
  {"slug":"udaipur","name":"Udaipur","state":"Rajasthan","lat":24.5854,"lng":73.7125,"tz":"Asia/Kolkata"},
  {"slug":"davanagere","name":"Davanagere","state":"Karnataka","lat":14.4644,"lng":75.9218,"tz":"Asia/Kolkata"},
  {"slug":"kozhikode","name":"Kozhikode","state":"Kerala","lat":11.2588,"lng":75.7804,"tz":"Asia/Kolkata"},
  {"slug":"maheshtala","name":"Maheshtala","state":"West Bengal","lat":22.5008,"lng":88.2451,"tz":"Asia/Kolkata"},
  {"slug":"rajpur-sonarpur","name":"Rajpur Sonarpur","state":"West Bengal","lat":22.449,"lng":88.3919,"tz":"Asia/Kolkata"},
  {"slug":"bokaro","name":"Bokaro","state":"Jharkhand","lat":23.6693,"lng":86.1511,"tz":"Asia/Kolkata"},
  {"slug":"south-dumdum","name":"South Dumdum","state":"West Bengal","lat":22.62,"lng":88.4003,"tz":"Asia/Kolkata"},
  {"slug":"bellary","name":"Bellary","state":"Karnataka","lat":15.1394,"lng":76.9214,"tz":"Asia/Kolkata"},
  {"slug":"patiala","name":"Patiala","state":"Punjab","lat":30.34,"lng":76.3869,"tz":"Asia/Kolkata"},
  {"slug":"gopalpur","name":"Gopalpur","state":"Bihar","lat":26.1158,"lng":84.3381,"tz":"Asia/Kolkata"},
  {"slug":"agartala","name":"Agartala","state":"Tripura","lat":23.8315,"lng":91.2868,"tz":"Asia/Kolkata"},
  {"slug":"bhagalpur","name":"Bhagalpur","state":"Bihar","lat":25.2425,"lng":86.9842,"tz":"Asia/Kolkata"},
  {"slug":"muzaffarnagar","name":"Muzaffarnagar","state":"Uttar Pradesh","lat":29.4727,"lng":77.7085,"tz":"Asia/Kolkata"},
  {"slug":"bhatpara","name":"Bhatpara","state":"West Bengal","lat":22.8663,"lng":88.4022,"tz":"Asia/Kolkata"},
  {"slug":"panihati","name":"Panihati","state":"West Bengal","lat":22.6933,"lng":88.3702,"tz":"Asia/Kolkata"},
  {"slug":"latur","name":"Latur","state":"Maharashtra","lat":18.4088,"lng":76.5604,"tz":"Asia/Kolkata"},
  {"slug":"dhule","name":"Dhule","state":"Maharashtra","lat":20.9042,"lng":74.7749,"tz":"Asia/Kolkata"},
  {"slug":"tirupati","name":"Tirupati","state":"Andhra Pradesh","lat":13.6288,"lng":79.4192,"tz":"Asia/Kolkata"},
  {"slug":"rohtak","name":"Rohtak","state":"Haryana","lat":28.8955,"lng":76.5796,"tz":"Asia/Kolkata"},
  {"slug":"korba","name":"Korba","state":"Chhattisgarh","lat":22.3595,"lng":82.7501,"tz":"Asia/Kolkata"},
  {"slug":"bhilwara","name":"Bhilwara","state":"Rajasthan","lat":25.347,"lng":74.6313,"tz":"Asia/Kolkata"},
  {"slug":"brahmapur","name":"Brahmapur","state":"Odisha","lat":19.3115,"lng":84.7941,"tz":"Asia/Kolkata"},
  {"slug":"muzaffarpur","name":"Muzaffarpur","state":"Bihar","lat":26.1209,"lng":85.3647,"tz":"Asia/Kolkata"},
  {"slug":"ahmednagar","name":"Ahmednagar","state":"Maharashtra","lat":19.0948,"lng":74.7486,"tz":"Asia/Kolkata"},
  {"slug":"mathura","name":"Mathura","state":"Uttar Pradesh","lat":27.4924,"lng":77.6737,"tz":"Asia/Kolkata"},
  {"slug":"kollam","name":"Kollam","state":"Kerala","lat":8.8932,"lng":76.6141,"tz":"Asia/Kolkata"},
  {"slug":"avadi","name":"Avadi","state":"Tamil Nadu","lat":13.1067,"lng":80.1099,"tz":"Asia/Kolkata"},
  {"slug":"kadapa","name":"Kadapa","state":"Andhra Pradesh","lat":14.4674,"lng":78.8241,"tz":"Asia/Kolkata"},
  {"slug":"kamarhati","name":"Kamarhati","state":"West Bengal","lat":22.6729,"lng":88.3746,"tz":"Asia/Kolkata"},
  {"slug":"sambalpur","name":"Sambalpur","state":"Odisha","lat":21.4669,"lng":83.9812,"tz":"Asia/Kolkata"},
  {"slug":"bilaspur","name":"Bilaspur","state":"Chhattisgarh","lat":22.0797,"lng":82.1391,"tz":"Asia/Kolkata"},
  {"slug":"shahjahanpur","name":"Shahjahanpur","state":"Uttar Pradesh","lat":27.8836,"lng":79.9048,"tz":"Asia/Kolkata"},
  {"slug":"satara","name":"Satara","state":"Maharashtra","lat":17.68,"lng":74.0183,"tz":"Asia/Kolkata"},
  {"slug":"bijapur","name":"Bijapur","state":"Karnataka","lat":16.8302,"lng":75.71,"tz":"Asia/Kolkata"},
  {"slug":"rampur","name":"Rampur","state":"Uttar Pradesh","lat":28.7929,"lng":79.025,"tz":"Asia/Kolkata"},
  {"slug":"shimoga","name":"Shimoga","state":"Karnataka","lat":13.9299,"lng":75.568,"tz":"Asia/Kolkata"},
  {"slug":"chandrapur","name":"Chandrapur","state":"Maharashtra","lat":19.9615,"lng":79.2961,"tz":"Asia/Kolkata"},
  {"slug":"junagadh","name":"Junagadh","state":"Gujarat","lat":21.5222,"lng":70.4579,"tz":"Asia/Kolkata"},
  {"slug":"thrissur","name":"Thrissur","state":"Kerala","lat":10.5276,"lng":76.2144,"tz":"Asia/Kolkata"},
  {"slug":"alwar","name":"Alwar","state":"Rajasthan","lat":27.5529,"lng":76.6346,"tz":"Asia/Kolkata"},
  {"slug":"bardhaman","name":"Bardhaman","state":"West Bengal","lat":23.2324,"lng":87.8615,"tz":"Asia/Kolkata"},
  {"slug":"kulti","name":"Kulti","state":"West Bengal","lat":23.7301,"lng":86.8475,"tz":"Asia/Kolkata"},
  {"slug":"kakinada","name":"Kakinada","state":"Andhra Pradesh","lat":16.9891,"lng":82.2475,"tz":"Asia/Kolkata"},
  {"slug":"nizamabad","name":"Nizamabad","state":"Telangana","lat":18.6725,"lng":78.094,"tz":"Asia/Kolkata"},
  {"slug":"parbhani","name":"Parbhani","state":"Maharashtra","lat":19.2665,"lng":76.7747,"tz":"Asia/Kolkata"},
  {"slug":"tumkur","name":"Tumkur","state":"Karnataka","lat":13.3379,"lng":77.1173,"tz":"Asia/Kolkata"},
  {"slug":"hisar","name":"Hisar","state":"Haryana","lat":29.1492,"lng":75.7217,"tz":"Asia/Kolkata"},
  {"slug":"ozhukarai","name":"Ozhukarai","state":"Puducherry","lat":11.9553,"lng":79.7687,"tz":"Asia/Kolkata"},
  {"slug":"bihar-sharif","name":"Bihar Sharif","state":"Bihar","lat":25.196,"lng":85.524,"tz":"Asia/Kolkata"},
  {"slug":"darbhanga","name":"Darbhanga","state":"Bihar","lat":26.1542,"lng":85.8918,"tz":"Asia/Kolkata"},
  {"slug":"panipat","name":"Panipat","state":"Haryana","lat":29.3909,"lng":76.9635,"tz":"Asia/Kolkata"},
  {"slug":"aizawl","name":"Aizawl","state":"Mizoram","lat":23.7271,"lng":92.7176,"tz":"Asia/Kolkata"},
  {"slug":"dewas","name":"Dewas","state":"Madhya Pradesh","lat":22.9662,"lng":76.0508,"tz":"Asia/Kolkata"},
  {"slug":"ichalkaranji","name":"Ichalkaranji","state":"Maharashtra","lat":16.6912,"lng":74.4615,"tz":"Asia/Kolkata"},
  {"slug":"karnal","name":"Karnal","state":"Haryana","lat":29.6857,"lng":76.9905,"tz":"Asia/Kolkata"},
  {"slug":"bathinda","name":"Bathinda","state":"Punjab","lat":30.2101,"lng":74.9455,"tz":"Asia/Kolkata"},
  {"slug":"jalna","name":"Jalna","state":"Maharashtra","lat":19.8347,"lng":75.88,"tz":"Asia/Kolkata"},
  {"slug":"eluru","name":"Eluru","state":"Andhra Pradesh","lat":16.7107,"lng":81.0952,"tz":"Asia/Kolkata"},
  {"slug":"barasat","name":"Barasat","state":"West Bengal","lat":22.7225,"lng":88.4801,"tz":"Asia/Kolkata"},
  {"slug":"kirari-suleman-nagar","name":"Kirari Suleman Nagar","state":"Delhi","lat":28.7269,"lng":77.0567,"tz":"Asia/Kolkata"},
  {"slug":"purnia","name":"Purnia","state":"Bihar","lat":25.7771,"lng":87.4753,"tz":"Asia/Kolkata"},
  {"slug":"satna","name":"Satna","state":"Madhya Pradesh","lat":24.5854,"lng":80.8322,"tz":"Asia/Kolkata"},
  {"slug":"mau","name":"Mau","state":"Uttar Pradesh","lat":25.9417,"lng":83.5612,"tz":"Asia/Kolkata"},
  {"slug":"sonipat","name":"Sonipat","state":"Haryana","lat":28.9931,"lng":77.0151,"tz":"Asia/Kolkata"},
  {"slug":"farrukhabad","name":"Farrukhabad","state":"Uttar Pradesh","lat":27.3942,"lng":79.5807,"tz":"Asia/Kolkata"},
  {"slug":"sagar","name":"Sagar","state":"Madhya Pradesh","lat":23.8388,"lng":78.7378,"tz":"Asia/Kolkata"},
  {"slug":"rourkela-industrial-township","name":"Rourkela","state":"Odisha","lat":22.2604,"lng":84.8536,"tz":"Asia/Kolkata"},
  {"slug":"durg","name":"Durg","state":"Chhattisgarh","lat":21.19,"lng":81.2849,"tz":"Asia/Kolkata"},
  {"slug":"imphal","name":"Imphal","state":"Manipur","lat":24.817,"lng":93.9368,"tz":"Asia/Kolkata"},
  {"slug":"ratlam","name":"Ratlam","state":"Madhya Pradesh","lat":23.3315,"lng":75.0367,"tz":"Asia/Kolkata"},
  {"slug":"hapur","name":"Hapur","state":"Uttar Pradesh","lat":28.7307,"lng":77.7759,"tz":"Asia/Kolkata"},
  {"slug":"arrah","name":"Arrah","state":"Bihar","lat":25.5532,"lng":84.6633,"tz":"Asia/Kolkata"},
  {"slug":"karimnagar","name":"Karimnagar","state":"Telangana","lat":18.4386,"lng":79.1288,"tz":"Asia/Kolkata"},
  {"slug":"anantapur","name":"Anantapur","state":"Andhra Pradesh","lat":14.6819,"lng":77.6006,"tz":"Asia/Kolkata"},
  {"slug":"etawah","name":"Etawah","state":"Uttar Pradesh","lat":26.7856,"lng":79.0158,"tz":"Asia/Kolkata"},
  {"slug":"ambernath","name":"Ambernath","state":"Maharashtra","lat":19.2026,"lng":73.1871,"tz":"Asia/Kolkata"},
  {"slug":"north-dumdum","name":"North Dumdum","state":"West Bengal","lat":22.6588,"lng":88.432,"tz":"Asia/Kolkata"},
  {"slug":"bharatpur","name":"Bharatpur","state":"Rajasthan","lat":27.217,"lng":77.49,"tz":"Asia/Kolkata"},
  {"slug":"begusarai","name":"Begusarai","state":"Bihar","lat":25.4182,"lng":86.1272,"tz":"Asia/Kolkata"},
  {"slug":"new-town-kolkata","name":"New Town Kolkata","state":"West Bengal","lat":22.5958,"lng":88.4795,"tz":"Asia/Kolkata"},
  {"slug":"pondicherry","name":"Pondicherry","state":"Puducherry","lat":11.9416,"lng":79.8083,"tz":"Asia/Kolkata"},
  {"slug":"sikar","name":"Sikar","state":"Rajasthan","lat":27.6094,"lng":75.1399,"tz":"Asia/Kolkata"},
  {"slug":"thoothukudi","name":"Thoothukudi","state":"Tamil Nadu","lat":8.7642,"lng":78.1348,"tz":"Asia/Kolkata"},
  {"slug":"rewa","name":"Rewa","state":"Madhya Pradesh","lat":24.5362,"lng":81.2991,"tz":"Asia/Kolkata"},
  {"slug":"mirzapur","name":"Mirzapur","state":"Uttar Pradesh","lat":25.1337,"lng":82.5645,"tz":"Asia/Kolkata"},
  {"slug":"raichur","name":"Raichur","state":"Karnataka","lat":16.2076,"lng":77.3463,"tz":"Asia/Kolkata"},
  {"slug":"pali","name":"Pali","state":"Rajasthan","lat":25.7725,"lng":73.3233,"tz":"Asia/Kolkata"},
  {"slug":"ramagundam","name":"Ramagundam","state":"Telangana","lat":18.7557,"lng":79.4747,"tz":"Asia/Kolkata"},
  {"slug":"haridwar","name":"Haridwar","state":"Uttarakhand","lat":29.9457,"lng":78.1642,"tz":"Asia/Kolkata"},
  {"slug":"vizianagaram","name":"Vizianagaram","state":"Andhra Pradesh","lat":18.1067,"lng":83.3956,"tz":"Asia/Kolkata"},
  {"slug":"katihar","name":"Katihar","state":"Bihar","lat":25.5388,"lng":87.5716,"tz":"Asia/Kolkata"},
  {"slug":"unnao","name":"Unnao","state":"Uttar Pradesh","lat":26.5393,"lng":80.4868,"tz":"Asia/Kolkata"},
  {"slug":"hugli-chinsurah","name":"Hugli Chinsurah","state":"West Bengal","lat":22.9006,"lng":88.3924,"tz":"Asia/Kolkata"},
  {"slug":"raiganj","name":"Raiganj","state":"West Bengal","lat":25.6199,"lng":88.1236,"tz":"Asia/Kolkata"},
  {"slug":"phusro","name":"Phusro","state":"Jharkhand","lat":23.7726,"lng":86.0052,"tz":"Asia/Kolkata"},
  {"slug":"hospet","name":"Hospet","state":"Karnataka","lat":15.2689,"lng":76.3909,"tz":"Asia/Kolkata"},
  {"slug":"tadepalligudem","name":"Tadepalligudem","state":"Andhra Pradesh","lat":16.8139,"lng":81.5269,"tz":"Asia/Kolkata"},
  {"slug":"gandhinagar","name":"Gandhinagar","state":"Gujarat","lat":23.2156,"lng":72.6369,"tz":"Asia/Kolkata"},
  {"slug":"shimla","name":"Shimla","state":"Himachal Pradesh","lat":31.1048,"lng":77.1734,"tz":"Asia/Kolkata"},
  {"slug":"gangtok","name":"Gangtok","state":"Sikkim","lat":27.3389,"lng":88.6065,"tz":"Asia/Kolkata"},
  {"slug":"itanagar","name":"Itanagar","state":"Arunachal Pradesh","lat":27.0844,"lng":93.6053,"tz":"Asia/Kolkata"},
  {"slug":"shillong","name":"Shillong","state":"Meghalaya","lat":25.5788,"lng":91.8933,"tz":"Asia/Kolkata"},
  {"slug":"kohima","name":"Kohima","state":"Nagaland","lat":25.6751,"lng":94.1086,"tz":"Asia/Kolkata"},
  {"slug":"dimapur","name":"Dimapur","state":"Nagaland","lat":25.9065,"lng":93.7272,"tz":"Asia/Kolkata"},
  {"slug":"thiruvananthapuram","name":"Thiruvananthapuram","state":"Kerala","lat":8.5241,"lng":76.9366,"tz":"Asia/Kolkata"},
  {"slug":"port-blair","name":"Port Blair","state":"Andaman & Nicobar","lat":11.6234,"lng":92.7265,"tz":"Asia/Kolkata"},
  {"slug":"kavaratti","name":"Kavaratti","state":"Lakshadweep","lat":10.5626,"lng":72.6369,"tz":"Asia/Kolkata"},
  {"slug":"silvassa","name":"Silvassa","state":"Dadra & Nagar Haveli","lat":20.2766,"lng":73.0071,"tz":"Asia/Kolkata"},
  {"slug":"daman","name":"Daman","state":"Daman & Diu","lat":20.397,"lng":72.8328,"tz":"Asia/Kolkata"},
  {"slug":"panaji","name":"Panaji","state":"Goa","lat":15.4909,"lng":73.8278,"tz":"Asia/Kolkata"},
  {"slug":"margao","name":"Margao","state":"Goa","lat":15.2832,"lng":73.9862,"tz":"Asia/Kolkata"},
  {"slug":"rishikesh","name":"Rishikesh","state":"Uttarakhand","lat":30.0869,"lng":78.2676,"tz":"Asia/Kolkata"},
  {"slug":"ayodhya","name":"Ayodhya","state":"Uttar Pradesh","lat":26.7922,"lng":82.1998,"tz":"Asia/Kolkata"},
  {"slug":"dwarka","name":"Dwarka","state":"Gujarat","lat":22.2394,"lng":68.9678,"tz":"Asia/Kolkata"},
  {"slug":"pushkar","name":"Pushkar","state":"Rajasthan","lat":26.4898,"lng":74.5511,"tz":"Asia/Kolkata"},
  {"slug":"vrindavan","name":"Vrindavan","state":"Uttar Pradesh","lat":27.5779,"lng":77.6961,"tz":"Asia/Kolkata"},
  {"slug":"puri","name":"Puri","state":"Odisha","lat":19.8135,"lng":85.8312,"tz":"Asia/Kolkata"},
  {"slug":"bodh-gaya","name":"Bodh Gaya","state":"Bihar","lat":24.6961,"lng":84.9869,"tz":"Asia/Kolkata"},
  {"slug":"shirdi","name":"Shirdi","state":"Maharashtra","lat":19.7668,"lng":74.4773,"tz":"Asia/Kolkata"},
  {"slug":"tiruvannamalai","name":"Tiruvannamalai","state":"Tamil Nadu","lat":12.2253,"lng":79.0747,"tz":"Asia/Kolkata"},
  {"slug":"gurugram","name":"Gurugram","state":"Haryana","lat":28.4595,"lng":77.0266,"tz":"Asia/Kolkata"},
  {"slug":"greater-noida","name":"Greater Noida","state":"Uttar Pradesh","lat":28.4744,"lng":77.504,"tz":"Asia/Kolkata"}
]
